Time (s);Period (s);Frequency (Hz)
0;;
0.023167149;;
0.034488438;;
0.04528793;;
0.056003828;;
0.066617735;;
0.077270977;;
0.087886367;;
0.099234805;;
0.109959688;;
0.12057586;;
0.131178516;;
0.142662578;;
0.154257383;;
0.16681336;;
0.177839532;;
0.249524532;0.0040625;246.1538462
0.261872735;0.0040625;246.1538462
0.272503711;0.0045625;219.1780822
0.284924922;0.0045625;219.1780822
0.30829836;;
0.320298282;;
0.331573242;;
0.343483203;;
0.354452227;;
0.36791668;0.004291666667;233.0097087
0.380362696;0.004291666667;233.0097087
0.416510352;;
0.475313321;;
0.488069141;;
0.500733672;;
0.51137461;;
0.522518907;;
0.533617813;;
0.544679102;;
0.555434571;;
0.567367735;;
0.579797774;;
0.617940391;;
0.633209024;;
0.668964219;;
0.682258321;;
0.693559258;;
0.706352852;0.003833333333;260.8695652
0.720220508;0.003833333333;260.8695652
0.733106875;;
0.746276407;;
0.757893438;;
0.773536953;;
0.789407969;;
0.80466586;;
0.817739102;;
0.834010352;;
0.849330586;;
0.865715782;;
0.881711016;;
0.895184414;0.0063125;158.4158416
0.911866172;;
0.930442266;;
0.968648047;;
0.986533946;;
1.02085;0.004708333333;212.3893805
1.040085664;0.006541666667;152.866242
1.057192852;;
1.098589883;;
1.114217344;;
1.159053086;0.004291666667;233.0097087
1.17666668;0.003958333333;252.6315789
1.191955664;0.004208333333;237.6237624
1.206604453;0.004208333333;237.6237624
1.218257188;0.002354166667;424.7787611
1.233564532;0.004916666667;203.3898305
1.246365235;0.004916666667;203.3898305
1.258692422;0.003729166667;268.1564246
1.271795313;0.004166666667;240
1.285076289;0.004166666667;240
1.299265274;0.003854166667;259.4594595
1.317725196;0.0046875;213.3333333
1.338103203;0.0044375;225.3521127
1.357008164;0.004666666667;214.2857143
1.379072188;0.004604166667;217.1945701
1.453314297;;
1.471710157;0.0051875;192.7710843
1.490964961;;
1.511134688;;
1.529337344;0.007270833333;137.5358166
1.550311797;0.0005416666667;1846.153846
1.567265547;0.004;250
1.584020274;0.004;250
1.675625469;0.006854166667;145.8966565
1.779345782;0.006229166667;160.5351171
1.79958086;0.007270833333;137.5358166
1.841570821;0.007458333333;134.0782123
1.857948946;0.00625;160
1.894131133;0.005375;186.0465116
1.909910821;0.007083333333;141.1764706
1.926880078;0.005895833333;169.6113074
1.943544961;0.005895833333;169.6113074
2.061417071;0.006708333333;149.068323
2.085105938;0.003854166667;259.4594595
2.12645168;0.0043125;231.884058
2.145321641;0.006395833333;156.3517915
2.18065293;0.00575;173.9130435
2.273037891;0.006666666667;150
2.292540547;0.006666666667;150
2.313020078;0.0010625;941.1764706
2.331092149;0.004;250
2.346218711;0.004;250
2.359355508;0.006979166667;143.2835821
2.375786836;0.006208333333;161.0738255
2.455282578;0.0061875;161.6161616
2.492225157;0.006833333333;146.3414634
2.576884453;0.005875;170.212766
2.604878594;0.0005625;1777.777778
2.618585313;0.0005625;1777.777778
2.629941524;0.001041666667;960
2.642252305;0.001041666667;960
2.693190157;0.006104166667;163.8225256
2.748570742;0.007416666667;134.8314607
2.760072696;0.007416666667;134.8314607
2.835508477;0.007125;140.3508772
2.847821407;0.007125;140.3508772
2.894161094;0.004020833333;248.7046632
2.914644336;0.006958333333;143.7125749
2.931863828;0.005666666667;176.4705882
2.952814102;0.007229166667;138.3285303
2.968835;0.000125;8000
2.984889727;0.000125;8000
2.996980586;0.000125;8000
3.012146172;0.000125;8000
3.025626875;0.000125;8000
3.036685938;0.000125;8000
3.04863;0.000125;8000
3.065359922;0.000125;8000
3.077976563;0.000125;8000
3.089447461;0.000125;8000
3.10137086;0.000125;8000
3.111823203;0.000125;8000
3.122660391;0.000125;8000
3.1334475;0.000125;8000
3.14422293;0.000125;8000
3.154835;0.000125;8000
3.168360664;0.000125;8000
3.179175078;0.000125;8000
3.191198399;0.000125;8000
3.202134766;0.000125;8000
3.213572969;0.000125;8000
3.232666992;0.000125;8000
3.251462578;0.000125;8000
3.269945196;0.000125;8000
3.28996461;0.000125;8000
3.309287852;0.000125;8000
3.328039414;0.000125;8000
3.347615078;0.000125;8000
3.362642032;0.000125;8000
3.383292032;0.000125;8000
3.402493594;0.000125;8000
3.420933282;0.000125;8000
3.442277617;0.000125;8000
3.46427375;0.000125;8000
3.484141172;0.000125;8000
3.50609711;0.000125;8000
3.524464375;0.000125;8000
3.544934727;0.000125;8000
3.562909844;0.000125;8000
3.582214688;0.000125;8000
3.600729649;0.000125;8000
3.619800938;0.000125;8000
3.637079727;0.000125;8000
3.658829922;0.000125;8000
3.677168985;0.000125;8000
3.694513047;0.005708333333;175.1824818
3.713125508;0.000125;8000
3.732929727;0.0002083333333;4800
3.752709219;0.000125;8000
3.770771211;0.0021875;457.1428571
3.789318164;0.000125;8000
3.806884336;0.000125;8000
3.824746758;0.000125;8000
3.838778282;0.000125;8000
3.857393399;0.000125;8000
3.878448555;0.000125;8000
3.89950668;0.000125;8000
3.919010782;0.000125;8000
3.9376375;0.000125;8000
3.955614961;0.000125;8000
3.974170313;0.000125;8000
3.993871719;0.000125;8000
4.012162344;0.000125;8000
4.029655157;0.000125;8000
4.04855461;0.000125;8000
4.066189219;0.000125;8000
4.081169922;0.000125;8000
4.099298125;0.000125;8000
4.118830196;0.000125;8000
4.136458203;0.000125;8000
4.15462211;0.000125;8000
4.174678711;0.000125;8000
4.193804961;0.000125;8000
4.214513438;0.000125;8000
4.231858008;0.000125;8000
4.248178242;0.000125;8000
4.26726836;0.000125;8000
4.281238399;0.000125;8000
4.299403125;0.000125;8000
4.318756055;0.000125;8000
4.338356953;0.000125;8000
4.355111328;0.000125;8000
4.374353828;0.000125;8000
4.393662188;0.000125;8000
4.413796407;0.000125;8000
4.435008672;0.000125;8000
4.453897969;0.000125;8000
4.473558907;0.000125;8000
4.494032383;0.000125;8000
4.511714453;0.000125;8000
4.529103164;0.000125;8000
4.546375782;0.000125;8000
4.559722696;0.000125;8000
4.577821328;0.000125;8000
4.594892852;0.000125;8000
4.611505039;0.000125;8000
4.626091875;0.000125;8000
4.63888961;0.000125;8000
4.650944805;0.000125;8000
4.666183125;0.000125;8000
4.679826055;0.000125;8000
4.69626875;0.000125;8000
4.714941133;0.000125;8000
4.733224571;0.005166666667;193.5483871
4.750607578;0.000125;8000
4.788125899;0.005145833333;194.3319838
4.80457418;0.005145833333;194.3319838
4.818059297;0.000125;8000
4.834991758;0.000125;8000
4.853557735;0.000125;8000
4.86879168;0.000125;8000
4.884879375;0.000125;8000
4.898102383;0.000125;8000
4.913173047;0.000125;8000
4.928078282;0.000125;8000
4.943292657;0.000125;8000
4.95788;0.000125;8000
4.975046875;0.000125;8000
4.990767657;0.000125;8000
5.00427336;0.000125;8000
5.016035313;0.000125;8000
5.029835742;0.000125;8000
5.042954922;0.000125;8000
5.056682305;0.000125;8000
5.072861133;0.000125;8000
5.086249063;0.000125;8000
5.09760918;0.000125;8000
5.111346016;0.000125;8000
5.127722539;0.000125;8000
5.14172918;0.000125;8000
5.155042227;0.000125;8000
5.168828555;0.000125;8000
5.182059453;0.000125;8000
5.194469532;0.000125;8000
5.211105078;0.000125;8000
5.225808086;0.000125;8000
5.237717696;0.000125;8000
5.250483399;0.000125;8000
5.262936446;0.000125;8000
5.27490875;0.000125;8000
5.294702305;0.000125;8000
5.314471875;0.000125;8000
5.333874961;0.000125;8000
5.351574024;0.000125;8000
5.373330703;0.000125;8000
5.39057211;0.000125;8000
5.407214532;0.000125;8000
5.425905742;0.000125;8000
5.440291328;0.000125;8000
5.459900196;0.000125;8000
5.477645313;0.000125;8000
5.498658828;0.000125;8000
5.515394805;0.000125;8000
5.534897735;0.000125;8000
5.551079649;0.000125;8000
5.563776094;0.000125;8000
5.575245547;0.000125;8000
5.587236719;0.000125;8000
5.600671563;0.000125;8000
5.613126602;0.000125;8000
5.626197227;0.000125;8000
5.638737657;0.000125;8000
5.655078086;0.000125;8000
5.672593516;0.000125;8000
5.69187836;0.000125;8000
5.710467578;0.000125;8000
5.730017578;0.000125;8000
5.750745703;0.000125;8000
5.769827032;0.000125;8000
5.786312266;0.000125;8000
5.799380391;0.000125;8000
5.818378282;0.000125;8000
5.836830157;0.000125;8000
5.85566711;0.000125;8000
5.870830157;0.000125;8000
5.888893711;0.000125;8000
5.904955821;0.000125;8000
5.918240742;0.000125;8000
5.937092617;0.000125;8000
5.953733946;0.000125;8000
5.97020586;0.000125;8000
5.98718461;0.000125;8000
6.004852813;0.000125;8000
6.017902813;0.000125;8000
6.035002617;0.000125;8000
6.053352813;0.000125;8000
6.070341328;0.000125;8000
6.089293125;0.000125;8000
6.10458918;0.000125;8000
6.117652657;0.000125;8000
6.134803789;0.000125;8000
6.150654571;0.000125;8000
6.166717383;0.000125;8000
6.18134168;0.000125;8000
6.20222668;0.000125;8000
6.220071016;0.000125;8000
6.235759883;0.000125;8000
6.254230235;0.000125;8000
6.270941563;0.000125;8000
6.287080039;0.000125;8000
6.302171485;0.000125;8000
6.314843321;0.000125;8000
6.332138867;0.000125;8000
6.349184688;0.0005416666667;1846.153846
6.365286328;0.0005416666667;1846.153846
6.377955938;0.0002083333333;4800
6.395304883;0.000125;8000
6.413964375;0.000125;8000
6.432972696;0.000125;8000
6.446797344;0.000125;8000
6.459696797;0.000125;8000
6.471215039;0.000125;8000
6.485303008;0.000125;8000
6.499535274;0.000125;8000
6.518400586;0.000125;8000
6.537562383;0.000125;8000
6.557462617;0.000125;8000
6.577361563;0.000125;8000
6.598034258;0.0002291666667;4363.636364
6.615481016;0.000125;8000
6.635091836;0.000125;8000
6.653457617;0.001541666667;648.6486486
6.672427032;0.000125;8000
6.689773867;0.001541666667;648.6486486
6.709851836;0.0002083333333;4800
6.729169571;0.0002291666667;4363.636364
6.748282813;0.000875;1142.857143
6.767838946;0.000875;1142.857143
6.782244297;0.0002083333333;4800
6.800964961;0.002083333333;480
6.81868;0.005166666667;193.5483871
6.838841485;0.004666666667;214.2857143
6.878191758;0.0041875;238.8059701
6.899337813;;
6.916412461;0.003979166667;251.3089005
6.9336875;0.005395833333;185.3281853
6.950569141;;
6.969727539;;
6.988018164;;
7.004557305;;
7.017828321;;
7.036628555;;
7.054050117;;
7.071633789;;
7.093169649;;
7.117887266;;
7.136503711;;
7.155458789;;
7.210511289;;
7.247977422;;
7.267606446;;
7.29002336;0.0043125;231.884058
7.309252657;;
7.357441172;;
7.375156563;;
7.392055508;;
7.40595586;;
7.417266719;0.005020833333;199.1701245
7.430149766;0.003895833333;256.684492
7.445382227;0.003895833333;256.684492
7.500508321;;
7.516175469;;
7.533288594;0.005729166667;174.5454545
7.545804219;0.005729166667;174.5454545
7.557635039;0.004583333333;218.1818182
7.572119258;0.005854166667;170.8185053
7.585633672;0.005854166667;170.8185053
7.597709141;0.004916666667;203.3898305
7.613206094;0.0045;222.2222222
7.633358789;0.003125;320
7.652050547;0.004479166667;223.255814
7.672165;0.004645833333;215.2466368
7.6901925;0.004229166667;236.453202
7.708697305;0.004416666667;226.4150943
7.725896016;0.004416666667;226.4150943
7.740786446;0.004625;216.2162162
7.759332422;0.0053125;188.2352941
7.778398633;0.005666666667;176.4705882
7.796942969;;
7.856773594;;
7.877399414;0.0073125;136.7521368
7.897679453;0.00425;235.2941176
7.917691524;0.006375;156.8627451
7.938513516;0.004083333333;244.8979592
7.954637266;;
7.990224532;0.005;200
8.009327461;;
8.026875078;;
8.044783203;;
8.090194219;;
8.105111719;;
8.118188203;0.006;166.6666667
8.137036992;;
8.154134414;;
8.187520625;;
8.202536563;;
8.215782735;;
8.258153008;;
8.277096485;;
8.317148516;;
8.337082696;;
8.374921641;;
8.432283008;;
8.451216407;0.0039375;253.968254
8.518554649;0.004708333333;212.3893805
8.557381407;0.005958333333;167.8321678
8.577130157;0.005604166667;178.4386617
8.594180938;0.003895833333;256.684492
8.612035664;0.002875;347.826087
8.630673633;0.004083333333;244.8979592
8.646544649;0.004083333333;244.8979592
8.660256016;0.004041666667;247.4226804
8.679178438;0.0044375;225.3521127
8.697493672;0.0040625;246.1538462
8.717256133;;
8.735329219;0.005041666667;198.3471074
8.780690274;0.004583333333;218.1818182
8.796547891;0.004375;228.5714286
8.8118725;0.003895833333;256.684492
8.830165977;0.0024375;410.2564103
8.850009571;0.004041666667;247.4226804
8.870136875;0.006020833333;166.0899654
8.889648711;0.005375;186.0465116
8.908630938;;
8.946919453;;
8.96474375;;
8.978875352;0.00475;210.5263158
8.997522188;0.00425;235.2941176
9.015706172;0.004145833333;241.2060302
9.032038164;0.0040625;246.1538462
9.050619063;0.0007291666667;1371.428571
9.069111289;0.005625;177.7777778
9.086035352;0.005625;177.7777778
9.133178047;;
9.179760078;;
9.196073711;;
9.212937539;;
9.251819571;0.004875;205.1282051
9.26576836;;
9.278725078;;
9.290170078;;
9.304605;;
9.316536563;;
9.331609297;;
9.347757813;;
9.362719492;;
9.375511914;;
9.411472696;0.0045;222.2222222
9.431154375;0.007395833333;135.2112676
9.451036133;0.0005625;1777.777778
9.471191367;0.003645833333;274.2857143
9.490469922;0.006875;145.4545455
9.510108164;0.006354166667;157.3770492
9.570035899;0.0071875;139.1304348
9.665059375;0.006208333333;161.0738255
9.678415117;0.006208333333;161.0738255
9.749756172;0.004729166667;211.4537445
9.765351055;0.004729166667;211.4537445
9.798290078;0.005166666667;193.5483871
9.83329543;0.0071875;139.1304348
9.958579883;0.006979166667;143.2835821
10.01282633;0.004604166667;217.1945701
10.02932844;0.007375;135.5932203
10.04286371;0.007375;135.5932203
10.05583856;0.007125;140.3508772
10.07086363;0.005770833333;173.2851986
10.0853075;0.005770833333;173.2851986
10.15384305;;
10.20767766;0.00525;190.4761905
10.22014395;0.00525;190.4761905
10.26791602;0.006458333333;154.8387097
10.27889918;0.006458333333;154.8387097
10.31224734;;
10.32356715;;
10.33498113;0.006916666667;144.5783133
10.34699215;;
10.35933164;;
10.39600594;0.0059375;168.4210526
10.41230402;;
10.42326367;;
10.4459768;0.004354166667;229.6650718
10.45794266;0.004354166667;229.6650718
10.46987789;0.006875;145.4545455
10.48308422;0.006875;145.4545455
10.50919559;;
10.52055172;;
10.53159934;;
10.54511094;;
10.55641363;0.005520833333;181.1320755
10.56989375;0.004875;205.1282051
10.58191711;0.004875;205.1282051
10.59321371;0.0035625;280.7017544
10.6055493;0.0035625;280.7017544
10.61707645;;
10.65344793;0.007458333333;134.0782123
10.66471152;0.0011875;842.1052632
10.67577856;0.0011875;842.1052632
10.70876184;0.0069375;144.1441441
10.72068645;0.0069375;144.1441441
10.74725414;0.006645833333;150.4702194
10.76301195;0.006645833333;150.4702194
10.85582434;0.007354166667;135.9773371
10.8937234;0.005166666667;193.5483871
10.90532051;0.006833333333;146.3414634
10.91641238;0.006833333333;146.3414634
11.00519875;0.00575;173.9130435
11.0160793;0.00575;173.9130435
11.02687012;0.004854166667;206.0085837
11.03832883;0.004854166667;206.0085837
11.04924731;0.0001875;5333.333333
11.06074117;0.0001875;5333.333333
11.07179215;0.0001875;5333.333333
11.08381871;0.0001875;5333.333333
11.09507188;0.0001875;5333.333333
11.10990375;0.0001875;5333.333333
11.12545;0.0001875;5333.333333
11.13897539;0.0001875;5333.333333
11.15141676;0.0001875;5333.333333
11.16825137;0.000125;8000
11.18355258;0.000125;8000
11.19569258;0.0001875;5333.333333
11.21223344;0.000125;8000
11.22797914;0.000125;8000
11.24315285;0.000125;8000
11.25546395;0.000125;8000
11.26921641;0.000125;8000
11.28257129;0.000125;8000
11.29629941;0.000125;8000
11.3110318;0.000125;8000
11.32584352;0.000125;8000
11.34038469;0.000125;8000
11.35274008;0.000125;8000
11.36593285;0.000125;8000
11.38007598;0.000125;8000
11.39564672;0.000125;8000
11.409385;0.000125;8000
11.42138328;0.000125;8000
11.43355746;0.000125;8000
11.4967982;0.0005208333333;1920
11.59698844;0.002395833333;417.3913043
11.62943332;;
11.6469125;;
11.68114305;0.006645833333;150.4702194
11.69750606;0.0061875;161.6161616
11.76622734;0.005645833333;177.1217712
11.77888949;0.005645833333;177.1217712
11.82595258;0.005729166667;174.5454545
11.84362316;0.005729166667;174.5454545
11.94930156;0.0046875;213.3333333
11.96588184;0.0046875;213.3333333
11.97958828;0.002083333333;480
11.9970898;0.005395833333;185.3281853
12.01251113;0.005020833333;199.1701245
12.02847906;0.005020833333;199.1701245
12.06253106;;
12.08179356;;
12.11963078;0.002458333333;406.779661
12.13802785;0.005583333333;179.1044776
12.15764449;0.0054375;183.908046
12.18993399;;
12.2032432;;
12.21471684;0.005416666667;184.6153846
12.23075445;0.005375;186.0465116
12.24533371;0.005625;177.7777778
12.25762715;0.005625;177.7777778
12.26849547;;
12.27991797;;
12.2905502;0.006125;163.2653061
12.30145547;0.006125;163.2653061
12.31250633;;
12.32366516;;
12.3345668;;
12.34826641;;
12.36375055;;
12.37495402;;
12.38653402;0.004604166667;217.1945701
12.39810469;0.004604166667;217.1945701
12.44749836;;
12.46156922;;
12.47418988;;
12.49029824;;
12.50342254;;
12.51452613;;
12.52676699;;
12.54160856;;
12.56757762;;
12.58532301;0.004604166667;217.1945701
12.6006368;0.004604166667;217.1945701
12.61222168;0.005270833333;189.7233202
12.62635152;;
12.64258805;;
12.65608543;;
12.6892859;;
12.70053641;;
12.71108422;;
12.72197676;;
12.7334466;;
12.74796059;;
12.76025391;;
12.77372043;;
12.78781086;;
12.80089066;;
12.82709957;0.007083333333;141.1764706
12.84074859;0.007083333333;141.1764706
12.85311695;0.007083333333;141.1764706
12.86973602;0.007291666667;137.1428571
12.88605215;0.007291666667;137.1428571
12.93297875;0.0071875;139.1304348
12.94811395;0.0053125;188.2352941
12.96357914;0.0053125;188.2352941
13.0092125;0.004791666667;208.6956522
13.02401121;0.004791666667;208.6956522
13.05034512;0.004375;228.5714286
13.06482008;0.004375;228.5714286
13.09086227;0.003833333333;260.8695652
13.10403738;0.003833333333;260.8695652
13.11794328;0.006958333333;143.7125749
13.12936969;0.007395833333;135.2112676
13.14072598;0.007395833333;135.2112676
13.17506899;0.004166666667;240
13.19034059;0.004104166667;243.6548223
13.20363785;0.004104166667;243.6548223
13.21610906;0.0046875;213.3333333
13.22926762;0.005125;195.1219512
13.24239102;0.005125;195.1219512
13.2543416;0.004791666667;208.6956522
13.2671743;0.00425;235.2941176
13.27991402;0.00425;235.2941176
13.31649902;;
13.33392211;0.005791666667;172.6618705
13.37373727;0.006395833333;156.3517915
13.38766516;0.005666666667;176.4705882
13.4027791;0.005666666667;176.4705882
13.41555922;0.004083333333;244.8979592
13.43309414;0.0043125;231.884058
13.47821387;0.004125;242.4242424
13.49587844;0.004916666667;203.3898305
13.53230332;0.003395833333;294.4785276
13.55014352;0.004270833333;234.1463415
13.5697182;;
13.58605285;;
13.6018273;;
13.61343402;0.005104166667;195.9183673
13.62788891;;
13.64091969;;
13.65327699;;
13.69595395;;
13.71288555;;
13.72791051;;
13.75378211;;
13.76733938;;
13.78097641;;
13.8103734;0.0074375;134.4537815
13.8265316;0.0074375;134.4537815
13.84066852;0.00075;1333.333333
13.85778621;0.0045625;219.1780822
13.89467;0.006625;150.9433962
13.98926148;0.00425;235.2941176
14.00485004;0.00425;235.2941176
14.01961684;0.006708333333;149.068323
14.03878371;0.0044375;225.3521127
14.0758032;0.005333333333;187.5
14.08922992;0.007208333333;138.7283237
14.10439434;0.007208333333;138.7283237
14.11738578;0.003833333333;260.8695652
14.17310098;0.004395833333;227.4881517
14.21723941;0.005770833333;173.2851986
14.25189387;0.0065;153.8461538
14.31817453;0.005291666667;188.976378
14.3478007;0.003416666667;292.6829268
14.36259547;0.003416666667;292.6829268
14.37519;0.004979166667;200.8368201
14.3898484;0.0040625;246.1538462
14.40472805;0.0040625;246.1538462
14.4328634;0.006145833333;162.7118644
14.57174344;;
14.58558965;;
14.61294453;0.0070625;141.5929204
14.62774524;;
14.64178266;;
14.65502109;0.005625;177.7777778
14.66940543;;
14.68551859;;
14.70076004;;
14.71397512;0.0039375;253.968254
14.72863688;;
14.74128906;;
14.75327399;;
14.77186332;0.0065625;152.3809524
14.80558613;0.0008541666667;1170.731707
14.82206648;0.0008541666667;1170.731707
14.8356452;0.005166666667;193.5483871
15.00153641;0.0055625;179.7752809
15.04812914;0.0043125;231.884058
15.10682289;0.005583333333;179.1044776
15.12275184;0.005583333333;179.1044776
15.13550121;0.0074375;134.4537815
15.21609082;0.00675;148.1481481
15.25729039;0.003895833333;256.684492
15.28933465;0.006791666667;147.2392638
15.34619457;0.003416666667;292.6829268
15.36273746;0.003416666667;292.6829268
15.39620668;0.003666666667;272.7272727
15.41289684;0.006229166667;160.5351171
15.49873699;0.0060625;164.9484536
15.51713774;0.007375;135.5932203
15.53441055;0.00425;235.2941176
15.71010606;0.00575;173.9130435
15.73150524;0.005604166667;178.4386617
15.74878055;0.007145833333;139.941691
15.76872141;0.007145833333;139.941691
15.78195043;0.0006041666667;1655.172414
15.7972473;0.006416666667;155.8441558
15.81032473;0.00725;137.9310345
15.82481246;0.00725;137.9310345
15.83688277;0.004854166667;206.0085837
15.8877227;0.006479166667;154.340836
15.90163469;0.006479166667;154.340836
16.03485676;0.006625;150.9433962
16.04704356;0.00575;173.9130435
16.05954188;0.00575;173.9130435
16.09808703;0.007458333333;134.0782123
16.15814227;0.005604166667;178.4386617
16.19518301;0.0069375;144.1441441
16.2135691;0.007479166667;133.7047354
16.26922363;0.006041666667;165.5172414
16.28441512;0.006041666667;165.5172414
16.29611754;0.004333333333;230.7692308
16.31172758;0.005520833333;181.1320755
16.32483078;0.005520833333;181.1320755
16.33968797;0.0065625;152.3809524
16.35684254;0.006645833333;150.4702194
16.3729691;0.00375;266.6666667
16.38560164;0.00375;266.6666667
16.43729918;0.006729166667;148.6068111
16.45614059;0.0045;222.2222222
16.47533973;0.003833333333;260.8695652
16.49456984;0.006895833333;145.0151057
16.51323539;0.004354166667;229.6650718
16.5757941;0.003708333333;269.6629213
16.63139836;0.004354166667;229.6650718
16.67104246;;
16.70580535;0.003625;275.862069
16.71892914;0.003625;275.862069
16.73059301;0.006395833333;156.3517915
16.74425723;0.006395833333;156.3517915
16.75736242;0.00625;160
16.79783551;0.007375;135.5932203
16.81297098;0.0066875;149.5327103
16.82943215;0.0074375;134.4537815
16.84424191;0.0074375;134.4537815
17.01146254;0.006958333333;143.7125749
17.06267898;0.0056875;175.8241758
17.13350723;0.004916666667;203.3898305
17.19071719;0.005541666667;180.4511278
17.2121784;0.004145833333;241.2060302
17.27743856;0.005208333333;192
17.31647809;0.004270833333;234.1463415
17.33560223;0.0056875;175.8241758
17.37383504;0.0045;222.2222222
17.38932969;0.00725;137.9310345
17.40583727;0.00725;137.9310345
17.49433781;0.0065;153.8461538
17.51474375;0.0071875;139.1304348
17.53810793;0.00125;800
17.55866383;0.006416666667;155.8441558
17.57867524;0.004395833333;227.4881517
17.5973227;0.003979166667;251.3089005
17.63379488;0.0056875;175.8241758
17.6513702;0.007041666667;142.0118343
17.66905328;0.0040625;246.1538462
17.69060004;0.0070625;141.5929204
17.70717082;0.006125;163.2653061
17.72093766;0.006125;163.2653061
17.73319125;0.005541666667;180.4511278
17.7474032;0.006541666667;152.866242
17.76386543;0.006541666667;152.866242
17.7766427;0.007354166667;135.9773371
17.82877047;0.005625;177.7777778
17.88077145;0.00575;173.9130435
17.89939031;0.007395833333;135.2112676
17.91809566;0.005083333333;196.7213115
17.93339297;0.004479166667;223.255814
18.00864742;;
18.02096578;;
18.04519828;;
18.05805324;;
18.07012645;0.0051875;192.7710843
18.08640606;0.004083333333;244.8979592
18.10287965;0.004083333333;244.8979592
18.11575988;;
18.13418246;;
18.15328824;0.006520833333;153.3546326
18.17127914;;
18.23110484;0.004270833333;234.1463415
18.24892137;;
18.30549254;0.003875;258.0645161
18.32007746;0.003875;258.0645161
18.33266531;0.005;200
18.37824863;;
18.39712809;;
18.42528371;;
18.43864414;;
18.45281707;0.0065625;152.3809524
18.47070602;;
18.48863414;;
18.50482441;;
18.55315598;;
18.56718258;;
18.62345356;;
18.64116238;0.004416666667;226.4150943
18.65768625;0.002333333333;428.5714286
18.67484301;0.004333333333;230.7692308
18.69206;0.003666666667;272.7272727
18.70738117;0.004458333333;224.2990654
18.72232816;0.004458333333;224.2990654
18.73556594;0.0033125;301.8867925
18.75259848;0.001354166667;738.4615385
18.77220887;0.003479166667;287.4251497
18.79111965;0.004145833333;241.2060302
18.82718375;0.005;200
18.84476262;0.005;200
18.85862309;0.0044375;225.3521127
18.87628457;;
18.89292461;;
18.91050098;;
18.92499234;;
18.93725543;0.006895833333;145.0151057
18.97014785;0.0008541666667;1170.731707
18.98993066;0.007479166667;133.7047354
19.02776609;0.007458333333;134.0782123
19.04553426;0.007458333333;134.0782123
19.06145754;0.007375;135.5932203
19.08214754;0.0070625;141.5929204
19.10082906;0.007208333333;138.7283237
19.13868602;0.006791666667;147.2392638
19.21045473;0.004833333333;206.8965517
19.22562359;0.004833333333;206.8965517
19.23972934;0.006104166667;163.8225256
19.31623152;0.006479166667;154.340836
19.33393883;0.004270833333;234.1463415
19.45986399;0.007020833333;142.4332344
19.48120219;;
19.53321977;0.006354166667;157.3770492
19.5487984;0.007270833333;137.5358166
19.56288231;0.007270833333;137.5358166
19.61311391;0.00725;137.9310345
19.6321152;0.007041666667;142.0118343
19.64538617;0.007041666667;142.0118343
19.67893594;0.007458333333;134.0782123
19.73049559;0.006791666667;147.2392638
19.84101156;0.007395833333;135.2112676
19.86077488;0.001854166667;539.3258427
19.88075801;0.0007083333333;1411.764706
19.90091914;0.000625;1600
19.91838617;0.007375;135.5932203
19.98754898;0.0068125;146.7889908
20.00515312;0.0068125;146.7889908
20.04012074;0.007375;135.5932203
20.05419582;0.007208333333;138.7283237
20.09517945;0.0069375;144.1441441
20.1106243;0.00725;137.9310345
20.12473727;0.00725;137.9310345
20.15453504;0.0065;153.8461538
20.19876484;0.007333333333;136.3636364
20.24181719;0.003520833333;284.0236686
20.30108051;0.006729166667;148.6068111
20.35934027;0.006666666667;150
20.39740746;0.0061875;161.6161616
20.43148344;0.006625;150.9433962
20.44720406;0.005333333333;187.5
20.4648148;0.005333333333;187.5
20.47846734;0.006770833333;147.6923077
20.49450004;0.006083333333;164.3835616
20.50736606;0.006083333333;164.3835616
20.5380434;0.007375;135.5932203
20.63865309;0.006791666667;147.2392638
20.67979844;0.006895833333;145.0151057
20.70227965;0.004708333333;212.3893805
20.79046543;0.0071875;139.1304348
20.80542891;0.0071875;139.1304348
20.87824856;0.002770833333;360.9022556
20.93417348;;
20.95318133;0.006645833333;150.4702194
20.98924289;0.004583333333;218.1818182
21.00305566;0.004583333333;218.1818182
21.01595008;0.005625;177.7777778
21.03293027;0.005375;186.0465116
21.04974633;;
21.06602797;;
21.07955617;;
21.09713141;0.0026875;372.0930233
21.11603496;0.004291666667;233.0097087
21.13462953;;
21.15416363;0.005083333333;196.7213115
21.17122199;;
21.23800871;;
21.25580691;;
21.27309098;;
21.28995297;;
21.31013383;;
21.35952488;0.005125;195.1219512
21.37432887;0.0074375;134.4537815
21.3902873;0.006270833333;159.4684385
21.4041943;0.006270833333;159.4684385
21.41625961;0.006625;150.9433962
21.44497484;0.0026875;372.0930233
21.45839602;0.0026875;372.0930233
21.47050895;0.0026875;372.0930233
21.48520156;0.003958333333;252.6315789
21.49943562;0.003958333333;252.6315789
21.52523602;0.005125;195.1219512
21.53858906;0.005125;195.1219512
21.55075149;0.0001666666667;6000
21.56456715;0.0001666666667;6000
21.57744109;0.005625;177.7777778
21.61590832;0.002020833333;494.8453608
21.63061359;0.0055;181.8181818
21.64567168;0.0055;181.8181818
21.66142246;0.0053125;188.2352941
21.67575555;0.0025;400
21.70956254;0.0003958333333;2526.315789
21.72816992;0.004375;228.5714286
21.74723508;0.004875;205.1282051
21.76464484;0.004875;205.1282051
21.77762277;0.0015;666.6666667
22.02308594;0.0004375;2285.714286
22.12020223;0.0003125;3200
22.24911649;0.0056875;175.8241758
22.26300078;0.0056875;175.8241758
22.27505191;;
22.31478691;0.005458333333;183.2061069
22.32868664;0.006666666667;150
22.34306832;0.006666666667;150
22.35548219;0.00125;800
22.37600328;0.002625;380.952381
22.39370399;0.001625;615.3846154
22.40858664;0.001583333333;631.5789474
22.4296591;0.0025;400
22.47296254;;
22.48779129;0.005145833333;194.3319838
22.50011219;0.005145833333;194.3319838
22.51413648;;
22.52788508;;
22.55386106;;
22.57372945;;
22.59166016;;
22.60538754;;
22.62011223;;
22.64029531;;
22.68125656;0.005104166667;195.9183673
22.70088024;;
22.73419062;;
22.75139149;;
22.76995379;0.005375;186.0465116
22.78234844;0.005375;186.0465116
22.79457852;0.00625;160
22.80672598;0.00625;160
22.83014961;0.0041875;238.8059701
22.84188098;0.0041875;238.8059701
22.85295043;0.0061875;161.6161616
22.86495332;0.0061875;161.6161616
22.88022242;0.003541666667;282.3529412
22.88138867;0.003541666667;282.3529411
